<?xml version="1.0" encoding="utf-8" standalone="no" ?>
<modDesc descVersion="71">
    <author>modelleicher</author>
    <version>0.5.2.7</version>
    <title>
        <de>RealismAddon: Gearbox</de>
		<en>RealismAddon: Gearbox</en>
    </title>
    <description>
        <de>
<![CDATA[RealismAddon: Gearbox]]>
        </de>
	<en>
<![CDATA[RealismAddon: Gearbox]]>
	</en>
    </description>

	<iconFilename>store.dds</iconFilename>

	
    <multiplayer supported="true"/>
    <extraSourceFiles>
	
        <sourceFile filename="realismAddon_gearbox_overrides.lua"/>
		
        <sourceFile filename="realismAddon_gearbox_register.lua"/>
		
    </extraSourceFiles>
	
	<l10n>
		<text name="input_RAGB_HANDTHROTTLE_UP"><de>Handgas erhöhen</de><en>hand throttle up</en></text>
		<text name="input_RAGB_HANDTHROTTLE_DOWN"><de>Handgas verringern</de><en>hand throttle down</en></text>
		<text name="input_RAGB_HANDTHROTTLE_AXIS"><de>Handgas Analoge Achse</de><en>hand throttle axis</en></text>
		
		<text name="input_RAGB_GEARSHIFT_AXIS"><de>Analoge Schaltachse (FPS Getriebe)</de><en>analog shift axis (FPS transmissions)</en></text>
		
		<text name="input_RAGB_GROUPSECOND_UP"><de>Zweites Gruppenset hochschalten</de><en>Group Second Set Up</en></text>
		<text name="input_RAGB_GROUPSECOND_DOWN"><de>Zweites Gruppenset runterschalten</de><en>Group Second Set Down</en></text>

	</l10n>
	
	<inputBinding>
		<actionBinding action="RAGB_HANDTHROTTLE_UP">
			<binding device="KB_MOUSE_DEFAULT" input="" />
		</actionBinding>
		<actionBinding action="RAGB_HANDTHROTTLE_DOWN">
			<binding device="KB_MOUSE_DEFAULT" input="" />
		</actionBinding>
		<actionBinding action="RAGB_HANDTHROTTLE_AXIS">
			<binding device="KB_MOUSE_DEFAULT" input="" />
		</actionBinding>	
		
		<actionBinding action="RAGB_GEARSHIFT_AXIS">
			<binding device="KB_MOUSE_DEFAULT" input="" />
		</actionBinding>

		<actionBinding action="RAGB_GROUPSECOND_UP">
			<binding device="KB_MOUSE_DEFAULT" input="" />
		</actionBinding>	
		<actionBinding action="RAGB_GROUPSECOND_DOWN">
			<binding device="KB_MOUSE_DEFAULT" input="" />
		</actionBinding>			
	</inputBinding>
	
	<actions>
		<action name="RAGB_HANDTHROTTLE_AXIS" />
		<action name="RAGB_HANDTHROTTLE_DOWN" />
		<action name="RAGB_HANDTHROTTLE_UP" />
		
		<action name="RAGB_GEARSHIFT_AXIS" />
		
		<action name="RAGB_GROUPSECOND_UP" />
		<action name="RAGB_GROUPSECOND_DOWN" />
	</actions>	
	
</modDesc>